PARAM,LATIN_NAME,TISSUE_NAME,Basis,PARAM_level,PARAM_trend,STATION_CODE,Long,Lat,Station_name,Value,UNIT,Ratio_EQS,Color_EQS,Ratio_proref,Color_proref,Ratio_food,Color_food,EQS,PROREF,Food_limit,Trend_string,trendshape,MYEAR,DRYWT,FAT_PERC,N_median,Det_limit,Over_LOQ,Value_min,Value_p25,Value_p75,Value_max,PROREF_stations,series,firstyear_all,lastyear_all,Trend_type,last_year,first_year,p,y_mean,y_q2.5,y_q97.5,perc_detected
CD,Gadus morhua,Lever,WW,CD,CD,02B,10.97354,59.06482,"Kirkøy, Hvaler",0.026,MG_P_KG,NA,NA,0.19047619047619047,1,NA,NA,NA,0.1365,NA,No change,NA,2023,NA,21.35,4,NA,4,0.01,0.01375,0.03775,0.04,"80B,67B,15B,23B",4847 CD Gadus morhua LI NA,2012,2023,short,2023,2014,NA,-0.38366874767633163,-0.9202911240043802,0.1529536286517169,1
CD,Gadus morhua,Lever,WW,CD,CD,10B,29.7602,69.81623,"Kjøfjord, Outer Varangerfjord",0.25,MG_P_KG,NA,NA,1.8315018315018314,2,NA,NA,NA,0.1365,NA,Increasing,nonlinear,2023,NA,32.9,15,NA,15,0.056,0.14,0.305,0.61,"80B,67B,15B,23B",4871 CD Gadus morhua LI NA,1994,2023,short,2023,2014,3.085394699569033e-4,0.5923317899896849,0.30748432859439473,0.8771792513849752,1
CD,Gadus morhua,Lever,WW,CD,CD,13B,7.9885,58.1328333333333,Kristiansand harbour area,0.031,MG_P_KG,NA,NA,0.22710622710622708,1,NA,NA,NA,0.1365,NA,No change,NA,2023,NA,35.4,5,NA,5,0.017,0.019,0.038,0.059000000000000004,"80B,67B,15B,23B",4844 CD Gadus morhua LI NA,2009,2023,short,2023,2014,NA,-0.02641200528953558,-0.38838713916259565,0.3355631285835245,1
CD,Gadus morhua,Lever,WW,CD,CD,15B,6.746898,58.051384,"Skågskjera, Farsund",0.035,MG_P_KG,NA,NA,0.25641025641025644,1,NA,NA,NA,0.1365,NA,No change,NA,2023,NA,25,15,NA,15,0.011,0.0285,0.049,0.096,"80B,67B,15B,23B",4887 CD Gadus morhua LI NA,1990,2023,short,2023,2014,NA,0.0758415960588823,-0.03375146709981515,0.18543465921757973,1
CD,Gadus morhua,Lever,WW,CD,CD,19B,13.46,78.17,"Isfjorden, Svalbard",0.19,MG_P_KG,NA,NA,1.3919413919413919,2,NA,NA,NA,0.1365,NA,No change,NA,2023,NA,44,13,NA,13,0.037,0.097,0.29,0.52,"80B,67B,15B,23B",12205 CD Gadus morhua LI NA,2017,2023,short,2023,2017,NA,-0.11481387246625196,-0.7079327591465009,0.47830501421399696,1
CD,Gadus morhua,Lever,WW,CD,CD,20B,15.4795,78.2623,"Longyearbyen, Svalbard",0.18,MG_P_KG,NA,NA,1.3186813186813184,2,NA,NA,NA,0.1365,NA,Too few years,NA,2023,NA,43.9,11,NA,11,0.11,0.14,0.195,0.36,"80B,67B,15B,23B",13704 CD Gadus morhua LI NA,2021,2023,short,NA,NA,NA,NA,NA,NA,1
CD,Gadus morhua,Lever,WW,CD,CD,23B,5.108565,59.895618,"Bømlo, Outer Selbjørnfjord",0.011,MG_P_KG,NA,NA,0.08058608058608058,1,NA,NA,NA,0.1365,NA,No change,NA,2023,NA,51,15,NA,15,0.005,0.009000000000000001,0.0205,0.044,"80B,67B,15B,23B",4922 CD Gadus morhua LI NA,1990,2023,short,2023,2014,NA,-0.03724779884184981,-0.22575099905385965,0.15125540137016003,1
CD,Gadus morhua,Lever,WW,CD,CD,24B,5.27069,60.39664,Bergen harbour area,0.027000000000000003,MG_P_KG,NA,NA,0.19780219780219782,1,NA,NA,NA,0.1365,NA,No change,NA,2023,NA,43.25,6,NA,6,0.011,0.0195,0.0375,0.067,"80B,67B,15B,23B",10921 CD Gadus morhua LI NA,2015,2023,short,2023,2015,NA,-0.26104812096553065,-1.1097044943432663,0.587608252412205,1
CD,Gadus morhua,Lever,WW,CD,CD,28B,6.06861666666667,62.4677833333333,Ålesund harbour area,0.016,MG_P_KG,NA,NA,0.11721611721611722,1,NA,NA,NA,0.1365,NA,Decreasing,linear,2023,NA,57.65,14,NA,14,0.004,0.00875,0.03675,0.24,"80B,67B,15B,23B",4849 CD Gadus morhua LI NA,2012,2023,short,2023,2014,0.0236,-1.1473521762353593,-2.0470972755020234,-0.24760707696869544,1
CD,Gadus morhua,Lever,WW,CD,CD,30B,10.551829,59.812653,Inner Oslofjord,0.12,MG_P_KG,NA,NA,0.879120879120879,1,NA,NA,NA,0.1365,NA,Decreasing,nonlinear,2023,NA,40.45,8,NA,8,0.015,0.076,0.14250000000000002,0.26,"80B,67B,15B,23B",4684 CD Gadus morhua LI NA,1984,2023,short,2023,2014,0.004822896597327486,-0.5102770903069356,-0.8505796119052822,-0.169974568708589,1
CD,Gadus morhua,Lever,WW,CD,CD,36B,10.4358333333333,59.0405,"Tjøme, Outer Oslofjord",0.055,MG_P_KG,NA,NA,0.4029304029304029,1,NA,NA,NA,0.1365,NA,Increasing,nonlinear,2023,NA,26.6,15,NA,15,0.023,0.038,0.0795,0.093,"80B,67B,15B,23B",4976 CD Gadus morhua LI NA,1981,2023,short,2023,2014,0.019606845673771467,0.4183179642824548,0.07424293224198392,0.7623929963229257,1
CD,Gadus morhua,Lever,WW,CD,CD,43B2,18.974,69.653,Tromsø harbour area,0.089,MG_P_KG,NA,NA,0.6520146520146519,1,NA,NA,NA,0.1365,NA,No change,NA,2023,NA,42.7,15,NA,15,0.033,0.0615,0.185,0.34,"80B,67B,15B,23B",4845 CD Gadus morhua LI NA,2009,2023,short,2023,2014,NA,-0.26815909002170457,-0.7419298038239738,0.20561162378056463,1
CD,Gadus morhua,Lever,WW,CD,CD,45B2,23.6333333333333,70.65,Hammerfest harbour area,0.12,MG_P_KG,NA,NA,0.879120879120879,1,NA,NA,NA,0.1365,NA,No change,NA,2023,NA,55.3,15,NA,15,0.046,0.0985,0.22,0.65,"80B,67B,15B,23B",10922 CD Gadus morhua LI NA,2012,2023,short,2023,2014,NA,-0.09324728824189421,-0.5708966544034114,0.384402077919623,1
CD,Gadus morhua,Lever,WW,CD,CD,53B,6.539719,60.09727,Inner Sørfjord,0.058499999999999996,MG_P_KG,NA,NA,0.4285714285714285,1,NA,NA,NA,0.1365,NA,No change,NA,2023,NA,29.8,10,NA,10,0.024,0.038500000000000006,0.1125,0.16,"80B,67B,15B,23B",5074 CD Gadus morhua LI NA,1987,2023,short,2023,2014,NA,0.009762437662098833,-0.7677969261090309,0.7873218014332286,1
CD,Gadus morhua,Lever,WW,CD,CD,71B,9.70275,59.0465,"Stathelle area, Langesundfjord",0.024,MG_P_KG,NA,NA,0.1758241758241758,1,NA,NA,NA,0.1365,NA,No change,NA,2023,NA,24.8,11,NA,11,0.009000000000000001,0.018000000000000002,0.027000000000000003,0.062,"80B,67B,15B,23B",4853 CD Gadus morhua LI NA,2012,2023,short,2023,2014,NA,-0.21478520641711718,-0.5685903750738037,0.1390199622395693,1
CD,Gadus morhua,Lever,WW,CD,CD,80B,10.371726,63.445624,Trondheim harbour,0.046,MG_P_KG,NA,NA,0.33699633699633696,1,NA,NA,NA,0.1365,NA,Increasing,linear,2023,NA,38.4,13,NA,13,0.027,0.037,0.07100000000000001,0.19,"80B,67B,15B,23B",4843 CD Gadus morhua LI NA,2009,2023,short,2023,2014,0.0287,0.5851480645163973,0.0765122267638163,1.0937839022689784,1
CD,Gadus morhua,Lever,WW,CD,CD,96B,12.503554,66.04437,Sandnessjøen area,0.14,MG_P_KG,NA,NA,1.0256410256410258,2,NA,NA,NA,0.1365,NA,Increasing,linear,2023,NA,31.4,15,NA,15,0.058,0.11,0.20500000000000002,1.4000000000000001,"80B,67B,15B,23B",4856 CD Gadus morhua LI NA,2013,2023,short,2023,2014,0.0295,0.8841212659347222,0.1583854719783382,1.6098570598911062,1
CD,Gadus morhua,Lever,WW,CD,CD,98B1,14.708138,68.18577,"Austnesfjord, Lofoten",0.042,MG_P_KG,NA,NA,0.3076923076923077,1,NA,NA,NA,0.1365,NA,No change,NA,2023,NA,55.4,15,NA,15,0.01,0.0285,0.0555,0.17,"80B,67B,15B,23B",4994 CD Gadus morhua LI NA,1992,2023,short,2023,2014,NA,-0.0885765345297993,-0.2963800188189214,0.11922694975932277,1
CU,Gadus morhua,Lever,WW,CU,CU,02B,10.97354,59.06482,"Kirkøy, Hvaler",5.85,MG_P_KG,NA,NA,0.4178571428571428,1,NA,NA,NA,14,NA,No change,NA,2023,NA,21.35,4,NA,4,3.4,4.75,6.85,7.9,"10B,15B,80B",4847 CU Gadus morhua LI NA,2012,2023,short,2023,2014,NA,-0.08384197333703014,-0.4483172661682234,0.28063331949416315,1
CU,Gadus morhua,Lever,WW,CU,CU,10B,29.7602,69.81623,"Kjøfjord, Outer Varangerfjord",3.8000000000000003,MG_P_KG,NA,NA,0.27142857142857146,1,NA,NA,NA,14,NA,Increasing,nonlinear,2023,NA,32.9,15,NA,15,1.6,3.6,4.800000000000001,6.4,"10B,15B,80B",4871 CU Gadus morhua LI NA,1994,2023,short,2023,2014,0.02803578551484609,0.29170069703733503,0.04096792173207808,0.542433472342592,1
CU,Gadus morhua,Lever,WW,CU,CU,13B,7.9885,58.1328333333333,Kristiansand harbour area,5.7,MG_P_KG,NA,NA,0.40714285714285714,1,NA,NA,NA,14,NA,No change,NA,2023,NA,35.4,5,NA,5,4.9,4.9,5.8,6.9,"10B,15B,80B",4844 CU Gadus morhua LI NA,2009,2023,short,2023,2014,NA,0.07690761911294963,-0.25173417323417313,0.4055494114600724,1
CU,Gadus morhua,Lever,WW,CU,CU,15B,6.746898,58.051384,"Skågskjera, Farsund",12,MG_P_KG,NA,NA,0.8571428571428571,1,NA,NA,NA,14,NA,No change,NA,2023,NA,25,15,NA,15,1.3,8.75,18.5,27,"10B,15B,80B",4887 CU Gadus morhua LI NA,1990,2023,short,2023,2014,NA,0.7139816376884944,-0.007891846512198097,1.4358551218891868,1
CU,Gadus morhua,Lever,WW,CU,CU,19B,13.46,78.17,"Isfjorden, Svalbard",3.1,MG_P_KG,NA,NA,0.22142857142857145,1,NA,NA,NA,14,NA,No change,NA,2023,NA,44,13,NA,13,1.2,2.6,4.9,8.5,"10B,15B,80B",12205 CU Gadus morhua LI NA,2017,2023,short,2023,2017,NA,-0.0721932992344545,-0.7858143017781909,0.6414277033092819,1
CU,Gadus morhua,Lever,WW,CU,CU,20B,15.4795,78.2623,"Longyearbyen, Svalbard",2.9,MG_P_KG,NA,NA,0.20714285714285713,1,NA,NA,NA,14,NA,Too few years,NA,2023,NA,43.9,11,NA,11,1.4000000000000001,2.1,3.25,7.6000000000000005,"10B,15B,80B",13704 CU Gadus morhua LI NA,2021,2023,short,NA,NA,NA,NA,NA,NA,1
CU,Gadus morhua,Lever,WW,CU,CU,23B,5.108565,59.895618,"Bømlo, Outer Selbjørnfjord",3.2,MG_P_KG,NA,NA,0.2285714285714286,1,NA,NA,NA,14,NA,No change,NA,2023,NA,51,15,NA,15,0.78,1.8,3.5,15,"10B,15B,80B",4922 CU Gadus morhua LI NA,1990,2023,short,2023,2014,NA,-0.11529051722978778,-0.3260122995948798,0.09543126513530426,1
CU,Gadus morhua,Lever,WW,CU,CU,24B,5.27069,60.39664,Bergen harbour area,14,MG_P_KG,NA,NA,1,1,NA,NA,NA,14,NA,No change,NA,2023,NA,43.25,6,NA,6,6.1000000000000005,9.925,16.5,64,"10B,15B,80B",10921 CU Gadus morhua LI NA,2015,2023,short,2023,2015,NA,0.16133892584269027,-0.43493792819630783,0.7576157798816884,1
CU,Gadus morhua,Lever,WW,CU,CU,28B,6.06861666666667,62.4677833333333,Ålesund harbour area,2.3000000000000003,MG_P_KG,NA,NA,0.1642857142857143,1,NA,NA,NA,14,NA,No change,NA,2023,NA,57.65,14,NA,14,1.4000000000000001,1.6500000000000001,4.875,10,"10B,15B,80B",4849 CU Gadus morhua LI NA,2012,2023,short,2023,2014,NA,-0.3452082874102125,-0.9383241501694876,0.2479075753490626,1
CU,Gadus morhua,Lever,WW,CU,CU,30B,10.551829,59.812653,Inner Oslofjord,3.55,MG_P_KG,NA,NA,0.25357142857142856,1,NA,NA,NA,14,NA,Decreasing,nonlinear,2023,NA,40.45,8,NA,8,1.2,2.85,4.775,7.7,"10B,15B,80B",4684 CU Gadus morhua LI NA,1986,2023,short,2023,2014,0.007226787767842913,-0.3762766636696444,-0.6400646429789816,-0.11248868436030723,1
CU,Gadus morhua,Lever,WW,CU,CU,36B,10.4358333333333,59.0405,"Tjøme, Outer Oslofjord",5.8,MG_P_KG,NA,NA,0.41428571428571426,1,NA,NA,NA,14,NA,Decreasing,linear,2023,NA,26.6,15,NA,15,3.1,5.45,6.35,8.9,"10B,15B,80B",4976 CU Gadus morhua LI NA,1986,2023,short,2023,2014,0,-0.27461926532476433,-0.3419323196316426,-0.20730621101788604,1
CU,Gadus morhua,Lever,WW,CU,CU,43B2,18.974,69.653,Tromsø harbour area,8.2,MG_P_KG,NA,NA,0.5857142857142856,1,NA,NA,NA,14,NA,No change,NA,2023,NA,42.7,15,NA,15,2.5,6.2,9.8,17,"10B,15B,80B",4845 CU Gadus morhua LI NA,2009,2023,short,2023,2014,NA,0.08769662359677,-0.131081991070761,0.306475238264301,1
CU,Gadus morhua,Lever,WW,CU,CU,45B2,23.6333333333333,70.65,Hammerfest harbour area,5.4,MG_P_KG,NA,NA,0.38571428571428573,1,NA,NA,NA,14,NA,No change,NA,2023,NA,55.3,15,NA,15,1.3,2.0500000000000003,8.55,15,"10B,15B,80B",10922 CU Gadus morhua LI NA,2012,2023,short,2023,2014,NA,-0.0720714128495441,-0.43293867047645496,0.28879584477736675,1
CU,Gadus morhua,Lever,WW,CU,CU,53B,6.539719,60.09727,Inner Sørfjord,10.5,MG_P_KG,NA,NA,0.75,1,NA,NA,NA,14,NA,No change,NA,2023,NA,29.8,10,NA,10,8.1,8.675,16.25,24,"10B,15B,80B",5074 CU Gadus morhua LI NA,1987,2023,short,2023,2014,NA,-0.11145048192993023,-0.3810303381490221,0.15812937428916163,1
CU,Gadus morhua,Lever,WW,CU,CU,71B,9.70275,59.0465,"Stathelle area, Langesundfjord",3.7,MG_P_KG,NA,NA,0.2642857142857143,1,NA,NA,NA,14,NA,Decreasing,nonlinear,2023,NA,24.8,11,NA,11,3,3.45,4.199999999999999,4.8,"10B,15B,80B",4853 CU Gadus morhua LI NA,2012,2023,short,2023,2014,5.488563527652479e-4,-0.9875502966283607,-1.3658882328641455,-0.6092123603925759,1
CU,Gadus morhua,Lever,WW,CU,CU,80B,10.371726,63.445624,Trondheim harbour,8.9,MG_P_KG,NA,NA,0.6357142857142858,1,NA,NA,NA,14,NA,No change,NA,2023,NA,38.4,13,NA,13,3.1,7,12,22,"10B,15B,80B",4843 CU Gadus morhua LI NA,2009,2023,short,2023,2014,NA,0.2952477322732445,-0.05143538636094741,0.6419308509074364,1
CU,Gadus morhua,Lever,WW,CU,CU,96B,12.503554,66.04437,Sandnessjøen area,10,MG_P_KG,NA,NA,0.7142857142857143,1,NA,NA,NA,14,NA,No change,NA,2023,NA,31.4,15,NA,15,2.4,5.050000000000001,12,20,"10B,15B,80B",4856 CU Gadus morhua LI NA,2013,2023,short,2023,2014,NA,0.2026974437217861,-0.4663079332175075,0.8717028206610797,1
CU,Gadus morhua,Lever,WW,CU,CU,98B1,14.708138,68.18577,"Austnesfjord, Lofoten",3.3000000000000003,MG_P_KG,NA,NA,0.23571428571428574,1,NA,NA,NA,14,NA,No change,NA,2023,NA,55.4,15,NA,15,1.2,2.6,4.7,12,"10B,15B,80B",4994 CU Gadus morhua LI NA,1992,2023,short,2023,2014,NA,-0.10427480050900328,-0.23582553157310213,0.027275930555095557,1
PB,Gadus morhua,Lever,WW,PB,PB,02B,10.97354,59.06482,"Kirkøy, Hvaler",0.007,MG_P_KG,NA,NA,0.13999999999999999,1,NA,NA,NA,0.05,NA,Decreasing,nonlinear,2023,NA,21.35,4,0.005,3,0.005,0.005750000000000001,0.00825,0.009000000000000001,"92B,36B,67B,43B,15B,43B2,98B1,10B,23B,80B",4847 PB Gadus morhua LI NA,2012,2023,short,2023,2014,0.002094708430691705,-1.3235240649309108,-1.7773671564598241,-0.8696809734019975,0.75
PB,Gadus morhua,Lever,WW,PB,PB,10B,29.7602,69.81623,"Kjøfjord, Outer Varangerfjord",0.007,MG_P_KG,NA,NA,0.13999999999999999,1,NA,NA,NA,0.05,NA,No change,NA,2023,NA,32.9,15,0.005,11,0.005,0.0055,0.010499999999999999,0.013000000000000001,"92B,36B,67B,43B,15B,43B2,98B1,10B,23B,80B",4871 PB Gadus morhua LI NA,1994,2023,short,2023,2014,NA,-0.11183506210004923,-0.3144474430107997,0.09077731881070122,0.7333333333333333
PB,Gadus morhua,Lever,WW,PB,PB,13B,7.9885,58.1328333333333,Kristiansand harbour area,0.007,MG_P_KG,NA,NA,0.13999999999999999,1,NA,NA,NA,0.05,NA,Decreasing,linear,2023,NA,35.4,5,NA,5,0.005,0.007,0.01,0.013000000000000001,"92B,36B,67B,43B,15B,43B2,98B1,10B,23B,80B",4844 PB Gadus morhua LI NA,2009,2023,short,2023,2014,0.004,-0.7935656317854889,-1.266028514188134,-0.3211027493828437,1
PB,Gadus morhua,Lever,WW,PB,PB,15B,6.746898,58.051384,"Skågskjera, Farsund",0.005,MG_P_KG,NA,NA,0.09999999999999999,1,NA,NA,NA,0.05,NA,No change,NA,2023,NA,25,15,0.005,1,0.005,0.005,0.005,0.011,"92B,36B,67B,43B,15B,43B2,98B1,10B,23B,80B",4887 PB Gadus morhua LI NA,1990,2023,short,2023,2014,NA,-0.7750177028061236,-1.6152107782682326,0.06517537265598539,0.06666666666666667
PB,Gadus morhua,Lever,WW,PB,PB,19B,13.46,78.17,"Isfjorden, Svalbard",0.007,MG_P_KG,NA,NA,0.13999999999999999,1,NA,NA,NA,0.05,NA,No change,NA,2023,NA,44,13,0.005,10,0.005,0.006,0.01,0.016,"92B,36B,67B,43B,15B,43B2,98B1,10B,23B,80B",12205 PB Gadus morhua LI NA,2017,2023,short,2023,2018,NA,-1.019941591529491,-2.2372903131865023,0.1974071301275202,0.7692307692307693
PB,Gadus morhua,Lever,WW,PB,PB,20B,15.4795,78.2623,"Longyearbyen, Svalbard",0.024,MG_P_KG,NA,NA,0.48,1,NA,NA,NA,0.05,NA,Too few years,NA,2023,NA,43.9,11,0.005,10,0.005,0.017,0.0415,0.065,"92B,36B,67B,43B,15B,43B2,98B1,10B,23B,80B",13704 PB Gadus morhua LI NA,2021,2023,short,NA,NA,NA,NA,NA,NA,0.9090909090909091
PB,Gadus morhua,Lever,WW,PB,PB,23B,5.108565,59.895618,"Bømlo, Outer Selbjørnfjord",0.005,MG_P_KG,NA,NA,0.09999999999999999,1,NA,NA,NA,0.05,NA,No change,NA,2023,NA,51,15,0.005,4,0.005,0.005,0.005,0.01,"92B,36B,67B,43B,15B,43B2,98B1,10B,23B,80B",4922 PB Gadus morhua LI NA,1990,2023,short,2023,2014,NA,-0.8071370855100319,-1.6801515241601006,0.06587735314003684,0.26666666666666666
PB,Gadus morhua,Lever,WW,PB,PB,24B,5.27069,60.39664,Bergen harbour area,0.0115,MG_P_KG,NA,NA,0.22999999999999998,1,NA,NA,NA,0.05,NA,Decreasing,linear,2023,NA,43.25,6,NA,6,0.008,0.0095000000000000015,0.014249999999999999,0.017,"92B,36B,67B,43B,15B,43B2,98B1,10B,23B,80B",10921 PB Gadus morhua LI NA,2015,2023,short,2023,2015,0.0078,-1.0165720434938583,-1.6124067693927984,-0.42073731759491817,1
PB,Gadus morhua,Lever,WW,PB,PB,28B,6.06861666666667,62.4677833333333,Ålesund harbour area,0.013000000000000001,MG_P_KG,NA,NA,0.26,1,NA,NA,NA,0.05,NA,No change,NA,2023,NA,57.65,14,0.005,13,0.005,0.00625,0.024000000000000004,0.044,"92B,36B,67B,43B,15B,43B2,98B1,10B,23B,80B",4849 PB Gadus morhua LI NA,2012,2023,short,2023,2014,NA,-0.5390188709267631,-1.1212056482314965,0.04316790637797019,0.9285714285714286
PB,Gadus morhua,Lever,WW,PB,PB,30B,10.551829,59.812653,Inner Oslofjord,0.027000000000000003,MG_P_KG,NA,NA,0.54,1,NA,NA,NA,0.05,NA,Decreasing,nonlinear,2023,NA,40.45,8,NA,8,0.009000000000000001,0.023000000000000003,0.04725,0.12,"92B,36B,67B,43B,15B,43B2,98B1,10B,23B,80B",4684 PB Gadus morhua LI NA,1986,2023,short,2023,2014,3.7589134602211693e-4,-0.7783555547936221,-1.173893221480719,-0.38281788810652523,1
PB,Gadus morhua,Lever,WW,PB,PB,36B,10.4358333333333,59.0405,"Tjøme, Outer Oslofjord",0.013000000000000001,MG_P_KG,NA,NA,0.26,1,NA,NA,NA,0.05,NA,No change,NA,2023,NA,26.6,15,NA,15,0.008,0.0115,0.0175,0.028,"92B,36B,67B,43B,15B,43B2,98B1,10B,23B,80B",4976 PB Gadus morhua LI NA,1986,2023,short,2023,2014,NA,-0.23928242400910626,-0.8408368563991445,0.362272008380932,1
PB,Gadus morhua,Lever,WW,PB,PB,43B2,18.974,69.653,Tromsø harbour area,0.007,MG_P_KG,NA,NA,0.13999999999999999,1,NA,NA,NA,0.05,NA,No change,NA,2023,NA,42.7,15,0.005,11,0.005,0.0055,0.0095000000000000015,0.037,"92B,36B,67B,43B,15B,43B2,98B1,10B,23B,80B",4845 PB Gadus morhua LI NA,2009,2023,short,2023,2014,NA,-0.12370908044982931,-0.7345951123246806,0.48717695142502193,0.7333333333333333
PB,Gadus morhua,Lever,WW,PB,PB,45B2,23.6333333333333,70.65,Hammerfest harbour area,0.005,MG_P_KG,NA,NA,0.09999999999999999,1,NA,NA,NA,0.05,NA,No change,NA,2023,NA,55.3,15,0.005,7,0.005,0.005,0.010499999999999999,0.037,"92B,36B,67B,43B,15B,43B2,98B1,10B,23B,80B",10922 PB Gadus morhua LI NA,2012,2023,short,2023,2014,NA,-1.0152315692598282,-1.9665962187018489,-0.06386691981780745,0.4666666666666667
PB,Gadus morhua,Lever,WW,PB,PB,53B,6.539719,60.09727,Inner Sørfjord,0.0785,MG_P_KG,NA,NA,1.5699999999999998,2,NA,NA,NA,0.05,NA,Decreasing,nonlinear,2023,NA,29.8,10,NA,10,0.036000000000000004,0.0505,0.095,0.12,"92B,36B,67B,43B,15B,43B2,98B1,10B,23B,80B",5074 PB Gadus morhua LI NA,1987,2023,short,2023,2014,0,-0.619153308108682,-0.6206366854099541,-0.6176699308074098,1
PB,Gadus morhua,Lever,WW,PB,PB,71B,9.70275,59.0465,"Stathelle area, Langesundfjord",0.023,MG_P_KG,NA,NA,0.45999999999999996,1,NA,NA,NA,0.05,NA,No change,NA,2023,NA,24.8,11,NA,11,0.007,0.017,0.025500000000000002,0.067,"92B,36B,67B,43B,15B,43B2,98B1,10B,23B,80B",4853 PB Gadus morhua LI NA,2012,2023,short,2023,2014,NA,-0.15469189162724373,-0.7065749824675034,0.39719119921301593,1
PB,Gadus morhua,Lever,WW,PB,PB,80B,10.371726,63.445624,Trondheim harbour,0.009000000000000001,MG_P_KG,NA,NA,0.18000000000000002,1,NA,NA,NA,0.05,NA,No change,NA,2023,NA,38.4,13,NA,13,0.006,0.008,0.011,0.014,"92B,36B,67B,43B,15B,43B2,98B1,10B,23B,80B",4843 PB Gadus morhua LI NA,2009,2023,short,2023,2014,NA,-0.5349609037526268,-1.0002735016364146,-0.06964830586883913,1
PB,Gadus morhua,Lever,WW,PB,PB,96B,12.503554,66.04437,Sandnessjøen area,0.01,MG_P_KG,NA,NA,0.19999999999999998,1,NA,NA,NA,0.05,NA,Decreasing,linear,2023,NA,31.4,15,0.005,14,0.005,0.0075,0.0115,0.026000000000000002,"92B,36B,67B,43B,15B,43B2,98B1,10B,23B,80B",4856 PB Gadus morhua LI NA,2013,2023,short,2023,2014,0.0168,-1.0513818692235373,-1.7498176110363923,-0.3529461274106823,0.9333333333333333
PB,Gadus morhua,Lever,WW,PB,PB,98B1,14.708138,68.18577,"Austnesfjord, Lofoten",0.005,MG_P_KG,NA,NA,0.09999999999999999,1,NA,NA,NA,0.05,NA,No change,NA,2023,NA,55.4,15,0.005,4,0.005,0.005,0.0055,0.011,"92B,36B,67B,43B,15B,43B2,98B1,10B,23B,80B",4994 PB Gadus morhua LI NA,1992,2023,short,2023,2014,NA,-0.12005355471132062,-0.3898769050312402,0.14976979560859893,0.26666666666666666
ZN,Gadus morhua,Lever,WW,ZN,ZN,02B,10.97354,59.06482,"Kirkøy, Hvaler",30.5,MG_P_KG,NA,NA,0.8714285714285714,1,NA,NA,NA,35,NA,No change,NA,2023,NA,21.35,4,NA,4,30,30,31,31,"98B1,10B,92B,43B2,80B",4847 ZN Gadus morhua LI NA,2012,2023,short,2023,2014,NA,-0.03723588648177767,-0.22071659511426936,0.14624482215071402,1
ZN,Gadus morhua,Lever,WW,ZN,ZN,10B,29.7602,69.81623,"Kjøfjord, Outer Varangerfjord",22,MG_P_KG,NA,NA,0.6285714285714286,1,NA,NA,NA,35,NA,No change,NA,2023,NA,32.9,15,NA,15,14,20,26.5,33,"98B1,10B,92B,43B2,80B",4871 ZN Gadus morhua LI NA,1994,2023,short,2023,2014,NA,0.10493299826042524,-0.041130098185435365,0.2509960947062858,1
ZN,Gadus morhua,Lever,WW,ZN,ZN,13B,7.9885,58.1328333333333,Kristiansand harbour area,24,MG_P_KG,NA,NA,0.6857142857142857,1,NA,NA,NA,35,NA,No change,NA,2023,NA,35.4,5,NA,5,21,22,27,34,"98B1,10B,92B,43B2,80B",4844 ZN Gadus morhua LI NA,2009,2023,short,2023,2014,NA,-0.010274043295934732,-0.16644594850301572,0.14589786191114626,1
ZN,Gadus morhua,Lever,WW,ZN,ZN,15B,6.746898,58.051384,"Skågskjera, Farsund",40,MG_P_KG,NA,NA,1.1428571428571428,2,NA,NA,NA,35,NA,No change,NA,2023,NA,25,15,NA,15,24,36.5,44.5,53,"98B1,10B,92B,43B2,80B",4887 ZN Gadus morhua LI NA,1990,2023,short,2023,2014,NA,0.3641497549465029,0.0015492153325048497,0.726750294560501,1
ZN,Gadus morhua,Lever,WW,ZN,ZN,19B,13.46,78.17,"Isfjorden, Svalbard",19,MG_P_KG,NA,NA,0.5428571428571428,1,NA,NA,NA,35,NA,No change,NA,2023,NA,44,13,NA,13,14,17,26,31,"98B1,10B,92B,43B2,80B",12205 ZN Gadus morhua LI NA,2017,2023,short,2023,2017,NA,0.16126252590774115,-0.15532981623506936,0.47785486805055166,1
ZN,Gadus morhua,Lever,WW,ZN,ZN,20B,15.4795,78.2623,"Longyearbyen, Svalbard",19,MG_P_KG,NA,NA,0.5428571428571428,1,NA,NA,NA,35,NA,Too few years,NA,2023,NA,43.9,11,NA,11,16,17.5,23.5,25,"98B1,10B,92B,43B2,80B",13704 ZN Gadus morhua LI NA,2021,2023,short,NA,NA,NA,NA,NA,NA,1
ZN,Gadus morhua,Lever,WW,ZN,ZN,23B,5.108565,59.895618,"Bømlo, Outer Selbjørnfjord",23,MG_P_KG,NA,NA,0.6571428571428571,1,NA,NA,NA,35,NA,No change,NA,2023,NA,51,15,NA,15,7,21,26,43,"98B1,10B,92B,43B2,80B",4922 ZN Gadus morhua LI NA,1990,2023,short,2023,2014,NA,-0.033452159579594465,-0.13203884733002166,0.06513452817083273,1
ZN,Gadus morhua,Lever,WW,ZN,ZN,24B,5.27069,60.39664,Bergen harbour area,26.5,MG_P_KG,NA,NA,0.7571428571428571,1,NA,NA,NA,35,NA,No change,NA,2023,NA,43.25,6,NA,6,20,24.25,37,41,"98B1,10B,92B,43B2,80B",10921 ZN Gadus morhua LI NA,2015,2023,short,2023,2015,NA,-0.10313768813432134,-0.41245917719719244,0.20618380092854977,1
ZN,Gadus morhua,Lever,WW,ZN,ZN,28B,6.06861666666667,62.4677833333333,Ålesund harbour area,16.5,MG_P_KG,NA,NA,0.4714285714285714,1,NA,NA,NA,35,NA,No change,NA,2023,NA,57.65,14,NA,14,9.9,13.25,22,39,"98B1,10B,92B,43B2,80B",4849 ZN Gadus morhua LI NA,2012,2023,short,2023,2014,NA,-0.42401425763188705,-0.9190415798516847,0.07101306458791051,1
ZN,Gadus morhua,Lever,WW,ZN,ZN,30B,10.551829,59.812653,Inner Oslofjord,30.5,MG_P_KG,NA,NA,0.8714285714285714,1,NA,NA,NA,35,NA,No change,NA,2023,NA,40.45,8,NA,8,9.1,17.75,34.25,38,"98B1,10B,92B,43B2,80B",4684 ZN Gadus morhua LI NA,1986,2023,short,2023,2014,NA,-0.00450182934944543,-0.07729711881504228,0.06829346011615142,1
ZN,Gadus morhua,Lever,WW,ZN,ZN,36B,10.4358333333333,59.0405,"Tjøme, Outer Oslofjord",25,MG_P_KG,NA,NA,0.7142857142857143,1,NA,NA,NA,35,NA,No change,NA,2023,NA,26.6,15,NA,15,19,21.5,33,41,"98B1,10B,92B,43B2,80B",4976 ZN Gadus morhua LI NA,1986,2023,short,2023,2014,NA,0.029969598950112086,-0.12268105598280929,0.18262025388303346,1
ZN,Gadus morhua,Lever,WW,ZN,ZN,43B2,18.974,69.653,Tromsø harbour area,28,MG_P_KG,NA,NA,0.8,1,NA,NA,NA,35,NA,No change,NA,2023,NA,42.7,15,NA,15,16,24,30.5,44,"98B1,10B,92B,43B2,80B",4845 ZN Gadus morhua LI NA,2009,2023,short,2023,2014,NA,-0.09740479388672618,-0.282620751022706,0.08781116324925367,1
ZN,Gadus morhua,Lever,WW,ZN,ZN,45B2,23.6333333333333,70.65,Hammerfest harbour area,17.5,MG_P_KG,NA,NA,0.5,1,NA,NA,NA,35,NA,No change,NA,2023,NA,54.75,14,NA,14,5,11.25,29.25,35,"98B1,10B,92B,43B2,80B",10922 ZN Gadus morhua LI NA,2012,2023,short,2023,2014,NA,-0.11550554524962564,-0.49936137765788596,0.2683502871586347,1
ZN,Gadus morhua,Lever,WW,ZN,ZN,53B,6.539719,60.09727,Inner Sørfjord,32,MG_P_KG,NA,NA,0.9142857142857143,1,NA,NA,NA,35,NA,No change,NA,2023,NA,29.8,10,NA,10,18,29,38.5,43,"98B1,10B,92B,43B2,80B",5074 ZN Gadus morhua LI NA,1987,2023,short,2023,2014,NA,0.19962449614141597,-0.16706070783130522,0.5663097001141372,1
ZN,Gadus morhua,Lever,WW,ZN,ZN,71B,9.70275,59.0465,"Stathelle area, Langesundfjord",27,MG_P_KG,NA,NA,0.7714285714285715,1,NA,NA,NA,35,NA,No change,NA,2023,NA,24.8,11,NA,11,14,24.5,28,34,"98B1,10B,92B,43B2,80B",4853 ZN Gadus morhua LI NA,2012,2023,short,2023,2014,NA,-0.42702254371984694,-0.912378395507955,0.05833330806826109,1
ZN,Gadus morhua,Lever,WW,ZN,ZN,80B,10.371726,63.445624,Trondheim harbour,31,MG_P_KG,NA,NA,0.8857142857142857,1,NA,NA,NA,35,NA,No change,NA,2023,NA,38.4,13,NA,13,11,28,31,41,"98B1,10B,92B,43B2,80B",4843 ZN Gadus morhua LI NA,2009,2023,short,2023,2014,NA,0.053214948367646286,-0.1425940343763564,0.24902393111164897,1
ZN,Gadus morhua,Lever,WW,ZN,ZN,96B,12.503554,66.04437,Sandnessjøen area,29,MG_P_KG,NA,NA,0.8285714285714286,1,NA,NA,NA,35,NA,No change,NA,2023,NA,31.4,15,NA,15,19,23.5,32,40,"98B1,10B,92B,43B2,80B",4856 ZN Gadus morhua LI NA,2013,2023,short,2023,2014,NA,0.15149381414355823,-0.29704114259480907,0.6000287708819255,1
ZN,Gadus morhua,Lever,WW,ZN,ZN,98B1,14.708138,68.18577,"Austnesfjord, Lofoten",18,MG_P_KG,NA,NA,0.5142857142857142,1,NA,NA,NA,35,NA,No change,NA,2023,NA,55.4,15,NA,15,9,14,23,39,"98B1,10B,92B,43B2,80B",4994 ZN Gadus morhua LI NA,1992,2023,short,2023,2014,NA,-0.23670609659042263,-0.5238645179176407,0.05045232473679534,1
D5,Gadus morhua,Lever,WW,D5,D5,10B,29.7602,69.81623,"Kjøfjord, Outer Varangerfjord",2.5,UG_P_KG,1.6428993888414274e-4,1,NA,NA,NA,NA,15217,NA,NA,Decreasing,linear,2023,NA,NA,15,1,11,1,1.495,5.23,9.9,NA,4871 D5 Gadus morhua LI NA,2018,2023,short,2023,2018,5e-4,-1.5903338772374407,-2.1457352265163134,-1.034932527958568,0.7333333333333333
D5,Gadus morhua,Lever,WW,D5,D5,13B,7.9885,58.1328333333333,Kristiansand harbour area,7.45,UG_P_KG,4.895840178747454e-4,1,NA,NA,NA,NA,15217,NA,NA,Too few years,NA,2023,NA,NA,15,2,11,2,3.26,13.58,24.2,NA,4844 D5 Gadus morhua LI NA,2021,2023,short,NA,NA,NA,NA,NA,NA,0.7333333333333333
D5,Gadus morhua,Lever,WW,D5,D5,19B,13.46,78.17,"Isfjorden, Svalbard",4.8,UG_P_KG,3.15436682657554e-4,1,NA,NA,NA,NA,15217,NA,NA,No change,NA,2023,NA,NA,15,NA,15,1.29,2.67,40.2,163,NA,12205 D5 Gadus morhua LI NA,2017,2023,short,2023,2017,NA,-0.4179621433945213,-1.3835386017570341,0.5476143149679914,1
D5,Gadus morhua,Lever,WW,D5,D5,20B,15.4795,78.2623,"Longyearbyen, Svalbard",3.39,UG_P_KG,2.2277715712689755e-4,1,NA,NA,NA,NA,15217,NA,NA,Too few years,NA,2023,NA,NA,15,2,8,2,2,3.94,6.36,NA,13704 D5 Gadus morhua LI NA,2021,2023,short,NA,NA,NA,NA,NA,NA,0.5333333333333333
D5,Gadus morhua,Lever,WW,D5,D5,23B,5.108565,59.895618,"Bømlo, Outer Selbjørnfjord",2.07,UG_P_KG,1.3603206939607018e-4,1,NA,NA,NA,NA,15217,NA,NA,Too few years,NA,2023,NA,NA,15,0.7,14,0.7,1.5750000000000002,2.31,6.18,NA,4922 D5 Gadus morhua LI NA,2021,2023,short,NA,NA,NA,NA,NA,NA,0.9333333333333333
D5,Gadus morhua,Lever,WW,D5,D5,24B,5.27069,60.39664,Bergen harbour area,60.3,UG_P_KG,0.0039626733258855225,1,NA,NA,NA,NA,15217,NA,NA,No change,NA,2023,NA,NA,7,NA,7,12.2,26.15,166.2,551,NA,10921 D5 Gadus morhua LI NA,2017,2023,short,2023,2017,NA,-2.154848047805906,-4.109014894004842,-0.200681201606971,1
D5,Gadus morhua,Lever,WW,D5,D5,28B,6.06861666666667,62.4677833333333,Ålesund harbour area,112,UG_P_KG,0.007360189262009594,1,NA,NA,NA,NA,15217,NA,NA,Too few years,NA,2023,NA,NA,15,NA,15,28.3,49.4,154,271,NA,4849 D5 Gadus morhua LI NA,2021,2023,short,NA,NA,NA,NA,NA,NA,1
D5,Gadus morhua,Lever,WW,D5,D5,30B,10.551829,59.812653,Inner Oslofjord,218,UG_P_KG,0.014326082670697246,1,NA,NA,NA,NA,15217,NA,NA,Decreasing,linear,2023,NA,NA,15,NA,15,9,61.25,1352,2770,NA,4684 D5 Gadus morhua LI NA,2017,2023,short,2023,2017,0.0089,-1.3274968113515495,-2.104635706285154,-0.5503579164179452,1
D5,Gadus morhua,Lever,WW,D5,D5,36B,10.4358333333333,59.0405,"Tjøme, Outer Oslofjord",2.16,UG_P_KG,1.4194650719589932e-4,1,NA,NA,NA,NA,15217,NA,NA,Too few years,NA,2023,NA,NA,15,NA,15,0.8,1.975,4.87,39.6,NA,4976 D5 Gadus morhua LI NA,2021,2023,short,NA,NA,NA,NA,NA,NA,1
D5,Gadus morhua,Lever,WW,D5,D5,43B2,18.974,69.653,Tromsø harbour area,25.7,UG_P_KG,0.0016889005717289872,1,NA,NA,NA,NA,15217,NA,NA,No change,NA,2023,NA,NA,15,NA,15,4.86,10.6,100.15,457,NA,4845 D5 Gadus morhua LI NA,2017,2023,short,2023,2017,NA,-1.3037438439769073,-2.6307228489028827,0.02323516094906819,1
D5,Gadus morhua,Lever,WW,D5,D5,71B,9.70275,59.0465,"Stathelle area, Langesundfjord",5.68,UG_P_KG,3.7326674114477226e-4,1,NA,NA,NA,NA,15217,NA,NA,Too few years,NA,2023,NA,NA,15,NA,15,1.94,4.445,14.65,28.9,NA,4853 D5 Gadus morhua LI NA,2021,2023,short,NA,NA,NA,NA,NA,NA,1
D5,Gadus morhua,Lever,WW,D5,D5,80B,10.371726,63.445624,Trondheim harbour,27.4,UG_P_KG,0.0018006177301702043,1,NA,NA,NA,NA,15217,NA,NA,Too few years,NA,2023,NA,NA,15,NA,15,1.37,16.55,92.7,375,NA,4843 D5 Gadus morhua LI NA,2021,2023,short,NA,NA,NA,NA,NA,NA,1
D5,Gadus morhua,Lever,WW,D5,D5,98B1,14.708138,68.18577,"Austnesfjord, Lofoten",9.51,UG_P_KG,6.24958927515279e-4,1,NA,NA,NA,NA,15217,NA,NA,Too few years,NA,2023,NA,NA,15,1,14,1,4.725,14.2,25.4,NA,4994 D5 Gadus morhua LI NA,2021,2023,short,NA,NA,NA,NA,NA,NA,0.9333333333333333
DDEPP,Gadus morhua,Lever,WW,DDEPP,DDEPP,10B,29.7602,69.81623,"Kjøfjord, Outer Varangerfjord",25.5,UG_P_KG,0.04180327868852459,1,0.15863141524105853,1,NA,NA,610,160.749999999999,NA,No change,NA,2020,54,49.3,15,NA,15,12.8,17.45,31.5,47.4,"23B,10B,98B1",4871 DDEPP Gadus morhua LI NA,1994,2020,short,2020,2014,NA,-0.053358395987232576,-0.3549061939630308,0.24818940198856565,1
DDEPP,Gadus morhua,Lever,WW,DDEPP,DDEPP,15B,6.746898,58.051384,"Skågskjera, Farsund",30.2,UG_P_KG,0.04950819672131147,1,0.1878693623639203,1,NA,NA,610,160.749999999999,NA,Decreasing,nonlinear,2020,47,36.8,15,NA,15,17.1,26.85,32,77.2,"23B,10B,98B1",4887 DDEPP Gadus morhua LI NA,1990,2020,short,2020,2014,2.3568111847249718e-4,-0.4634493316310593,-0.6822027365077965,-0.24469592675432203,1
DDEPP,Gadus morhua,Lever,WW,DDEPP,DDEPP,23B,5.108565,59.895618,"Bømlo, Outer Selbjørnfjord",26.8,UG_P_KG,0.043934426229508196,1,0.16671850699844581,1,NA,NA,610,160.749999999999,NA,Decreasing,linear,2020,61,42.4,15,NA,15,14.3,20.65,37.85,66.2,"23B,10B,98B1",4922 DDEPP Gadus morhua LI NA,1990,2020,short,2020,2014,0,-0.15717272810706273,-0.22308213825662748,-0.09126331795749798,1
DDEPP,Gadus morhua,Lever,WW,DDEPP,DDEPP,30B,10.551829,59.812653,Inner Oslofjord,161.5,UG_P_KG,0.2647540983606557,1,1.0046656298600374,2,NA,NA,610,160.749999999999,NA,No change,NA,2020,50.5,38.95,12,NA,12,124,131.75,179.5,342,"23B,10B,98B1",4684 DDEPP Gadus morhua LI NA,1984,2020,short,2020,2014,NA,0.002412415350307562,-0.1864756030270053,0.19130043372762043,1
DDEPP,Gadus morhua,Lever,WW,DDEPP,DDEPP,36B,10.4358333333333,59.0405,"Tjøme, Outer Oslofjord",42.2,UG_P_KG,0.06918032786885246,1,0.2625194401244184,1,NA,NA,610,160.749999999999,NA,No change,NA,2020,48,30.9,15,NA,15,23.3,35.55,55.6,372,"23B,10B,98B1",4976 DDEPP Gadus morhua LI NA,1982,2020,short,2020,2014,NA,0.35723647535590564,-0.02284367424983108,0.7373166249616423,1
DDEPP,Gadus morhua,Lever,WW,DDEPP,DDEPP,53B,6.539719,60.09727,Inner Sørfjord,224,UG_P_KG,0.36721311475409835,1,1.3934681181959652,2,NA,NA,610,160.749999999999,NA,Decreasing,nonlinear,2023,NA,29.8,10,NA,10,128,183,278.5,426,"23B,10B,98B1",5074 DDEPP Gadus morhua LI NA,1988,2023,short,2023,2014,0.03347835542677058,-1.055952953126332,-2.0064138418156454,-0.10549206443701875,1
DDEPP,Gadus morhua,Lever,WW,DDEPP,DDEPP,98B1,14.708138,68.18577,"Austnesfjord, Lofoten",51.9,UG_P_KG,0.08508196721311476,1,0.3228615863141544,1,NA,NA,610,160.749999999999,NA,Increasing,nonlinear,2020,58,58.05,15,NA,15,5.52,31.05,68.75,84.3,"23B,10B,98B1",4994 DDEPP Gadus morhua LI NA,1992,2020,short,2020,2014,0.00440570583370703,1.1339970088661535,0.4191629192933999,1.8488310984389071,1
HG,Gadus morhua,Muskel,WW,HG,HG,02B,10.97354,59.06482,"Kirkøy, Hvaler",0.11,MG_P_KG,5.5,2,1.9642857142857142,2,0.3666666666666667,1,0.02,0.056,0.3,Decreasing,linear,2023,NA,NA,7,NA,7,0.039,0.07250000000000001,0.12,0.18,10B,4847 HG Gadus morhua MU NA,2012,2023,short,2023,2014,0.0491,-0.2688424931528681,-0.5196326029473324,-0.018052383358403867,1
HG,Gadus morhua,Muskel,WW,HG,HG,10B,29.7602,69.81623,"Kjøfjord, Outer Varangerfjord",0.022,MG_P_KG,1.0999999999999999,2,0.39285714285714285,1,0.07333333333333333,1,0.02,0.056,0.3,No change,NA,2023,NA,NA,15,NA,15,0.015,0.0195,0.025500000000000002,0.057,10B,4871 HG Gadus morhua MU NA,1994,2023,short,2023,2014,NA,-0.10289361137183928,-0.5341640225991011,0.3283767998554225,1
HG,Gadus morhua,Muskel,WW,HG,HG,13B,7.9885,58.1328333333333,Kristiansand harbour area,0.037,MG_P_KG,1.8499999999999999,2,0.6607142857142857,1,0.12333333333333334,1,0.02,0.056,0.3,Decreasing,nonlinear,2023,NA,NA,15,NA,15,0.013000000000000001,0.034,0.064,0.08,10B,4844 HG Gadus morhua MU NA,2009,2023,short,2023,2014,0.02690700984247385,-0.8295905064645162,-1.4879840970498854,-0.17119691587914687,1
HG,Gadus morhua,Muskel,WW,HG,HG,15B,6.746898,58.051384,"Skågskjera, Farsund",0.17,MG_P_KG,8.5,2,3.035714285714286,2,0.5666666666666668,1,0.02,0.056,0.3,No change,NA,2023,NA,NA,15,NA,15,0.11,0.14,0.20500000000000002,0.28,10B,4887 HG Gadus morhua MU NA,1990,2023,short,2023,2014,NA,0.31486340833239446,-0.21428248020820884,0.8440092968729977,1
HG,Gadus morhua,Muskel,WW,HG,HG,19B,13.46,78.17,"Isfjorden, Svalbard",0.024,MG_P_KG,1.2,2,0.42857142857142855,1,0.08,1,0.02,0.056,0.3,No change,NA,2023,NA,NA,15,NA,15,0.015,0.019000000000000003,0.0295,0.11,10B,12205 HG Gadus morhua MU NA,2017,2023,short,2023,2017,NA,-0.522602563198804,-1.11975192924035,0.07454680284274173,1
HG,Gadus morhua,Muskel,WW,HG,HG,20B,15.4795,78.2623,"Longyearbyen, Svalbard",0.017,MG_P_KG,0.8500000000000001,1,0.3035714285714286,1,0.05666666666666667,1,0.02,0.056,0.3,Too few years,NA,2023,NA,NA,15,NA,15,0.011,0.012,0.019,0.029,10B,13704 HG Gadus morhua MU NA,2021,2023,short,NA,NA,NA,NA,NA,NA,1
HG,Gadus morhua,Muskel,WW,HG,HG,23B,5.108565,59.895618,"Bømlo, Outer Selbjørnfjord",0.13,MG_P_KG,6.5,2,2.3214285714285716,2,0.43333333333333335,1,0.02,0.056,0.3,No change,NA,2023,NA,NA,15,NA,15,0.077,0.11,0.17,0.31,10B,4922 HG Gadus morhua MU NA,1990,2023,short,2023,2014,NA,0.10592330563749552,-0.161675045234083,0.37352165650907404,1
HG,Gadus morhua,Muskel,WW,HG,HG,24B,5.27069,60.39664,Bergen harbour area,0.11,MG_P_KG,5.5,2,1.9642857142857142,2,0.3666666666666667,1,0.02,0.056,0.3,No change,NA,2023,NA,NA,7,NA,7,0.051000000000000004,0.093,0.175,0.26,10B,10921 HG Gadus morhua MU NA,2015,2023,short,2023,2015,NA,-0.8284439004588311,-1.6139539974628108,-0.04293380345485143,1
HG,Gadus morhua,Muskel,WW,HG,HG,28B,6.06861666666667,62.4677833333333,Ålesund harbour area,0.25,MG_P_KG,12.5,2,4.464285714285714,2,0.8333333333333334,1,0.02,0.056,0.3,No change,NA,2023,NA,NA,15,NA,15,0.056,0.16999999999999998,0.41500000000000004,0.5700000000000001,10B,4849 HG Gadus morhua MU NA,2012,2023,short,2023,2014,NA,-0.34685495712283565,-0.8400931488063244,0.14638323456065305,1
HG,Gadus morhua,Muskel,WW,HG,HG,30B,10.551829,59.812653,Inner Oslofjord,0.18,MG_P_KG,9,2,3.214285714285714,2,0.6,1,0.02,0.056,0.3,Decreasing,nonlinear,2023,NA,NA,15,NA,15,0.041,0.13,0.19,0.27,10B,4684 HG Gadus morhua MU NA,1984,2023,short,2023,2014,0.0017507992402558958,-0.5010311528881983,-0.7974048139809498,-0.2046574917954469,1
HG,Gadus morhua,Muskel,WW,HG,HG,36B,10.4358333333333,59.0405,"Tjøme, Outer Oslofjord",0.078,MG_P_KG,3.9,2,1.3928571428571428,2,0.26,1,0.02,0.056,0.3,No change,NA,2023,NA,NA,15,NA,15,0.063,0.0745,0.096,0.12,10B,4976 HG Gadus morhua MU NA,1981,2023,short,2023,2014,NA,0.01501900119770383,-0.28122941796227136,0.311267420357679,1
HG,Gadus morhua,Muskel,WW,HG,HG,43B2,18.974,69.653,Tromsø harbour area,0.042,MG_P_KG,2.1,2,0.75,1,0.14,1,0.02,0.056,0.3,No change,NA,2023,NA,NA,15,NA,15,0.023,0.0325,0.053500000000000006,0.17,10B,4845 HG Gadus morhua MU NA,2009,2023,short,2023,2014,NA,-0.0959355130107622,-0.3456020213756864,0.15373099535416204,1
HG,Gadus morhua,Muskel,WW,HG,HG,45B2,23.6333333333333,70.65,Hammerfest harbour area,0.03,MG_P_KG,1.5,2,0.5357142857142857,1,0.1,1,0.02,0.056,0.3,Decreasing,linear,2023,NA,NA,15,NA,15,0.008,0.025500000000000002,0.0385,0.064,10B,10922 HG Gadus morhua MU NA,2012,2023,short,2023,2014,0.0055,-0.45932398619766124,-0.7338546417071473,-0.18479333068817516,1
HG,Gadus morhua,Muskel,WW,HG,HG,53B,6.539719,60.09727,Inner Sørfjord,0.18,MG_P_KG,9,2,3.214285714285714,2,0.6,1,0.02,0.056,0.3,No change,NA,2023,NA,NA,15,NA,15,0.076,0.0925,0.22,0.42,10B,5074 HG Gadus morhua MU NA,1987,2023,short,2023,2014,NA,-0.04605094854910785,-0.1560467257969962,0.06394482869878049,1
HG,Gadus morhua,Muskel,WW,HG,HG,71B,9.70275,59.0465,"Stathelle area, Langesundfjord",0.11,MG_P_KG,5.5,2,1.9642857142857142,2,0.3666666666666667,1,0.02,0.056,0.3,Decreasing,linear,2023,NA,NA,15,NA,15,0.061,0.07100000000000001,0.13,0.16,10B,4853 HG Gadus morhua MU NA,2012,2023,short,2023,2014,0.0015,-0.5570941846936357,-0.8383465409772022,-0.2758418284100692,1
HG,Gadus morhua,Muskel,WW,HG,HG,80B,10.371726,63.445624,Trondheim harbour,0.084,MG_P_KG,4.2,2,1.5,2,0.28,1,0.02,0.056,0.3,No change,NA,2023,NA,NA,15,NA,15,0.045,0.067,0.12,0.2,10B,4843 HG Gadus morhua MU NA,2009,2023,short,2023,2014,NA,0.13300449331732977,-0.20481391973975316,0.4708229063744127,1
HG,Gadus morhua,Muskel,WW,HG,HG,96B,12.503554,66.04437,Sandnessjøen area,0.057,MG_P_KG,2.85,2,1.0178571428571428,2,0.19,1,0.02,0.056,0.3,No change,NA,2023,NA,NA,15,NA,15,0.032,0.042499999999999996,0.067,0.08700000000000001,10B,4856 HG Gadus morhua MU NA,2013,2023,short,2023,2014,NA,0.08185062693245104,-0.330672049928693,0.49437330379359506,1
HG,Gadus morhua,Muskel,WW,HG,HG,98B1,14.708138,68.18577,"Austnesfjord, Lofoten",0.095,MG_P_KG,4.75,2,1.6964285714285714,2,0.3166666666666667,1,0.02,0.056,0.3,No change,NA,2023,NA,NA,15,NA,15,0.052000000000000005,0.0695,0.12000000000000001,0.26,10B,4994 HG Gadus morhua MU NA,1992,2023,short,2023,2014,NA,0.07168549647424793,-0.0547130741123911,0.19808406706088696,1
PFOA,Gadus morhua,Lever,WW,PFOA,PFOA,13B,7.9885,58.1328333333333,Kristiansand harbour area,0.5,UG_P_KG,0.00547645125958379,1,0.05,1,NA,NA,91.3,10,NA,Too few years,NA,2023,NA,35.4,5,0.5,0,0.5,0.5,0.5,0.5,"43B2,13B,80B,53B,36B,98B1,23B,30B",4844 PFOA Gadus morhua LI NA,2009,2023,short,NA,NA,NA,NA,NA,NA,0
PFOA,Gadus morhua,Lever,WW,PFOA,PFOA,19B,13.46,78.17,"Isfjorden, Svalbard",0.5,UG_P_KG,0.00547645125958379,1,0.05,1,NA,NA,91.3,10,NA,Too few years,NA,2023,NA,44,13,0.5,0,0.5,0.5,0.5,0.5,"43B2,13B,80B,53B,36B,98B1,23B,30B",12205 PFOA Gadus morhua LI NA,2017,2023,short,NA,NA,NA,NA,NA,NA,0
PFOA,Gadus morhua,Lever,WW,PFOA,PFOA,20B,15.4795,78.2623,"Longyearbyen, Svalbard",0.5,UG_P_KG,0.00547645125958379,1,0.05,1,NA,NA,91.3,10,NA,Too few years,NA,2023,NA,43.9,11,0.5,0,0.5,0.5,0.5,0.5,"43B2,13B,80B,53B,36B,98B1,23B,30B",13704 PFOA Gadus morhua LI NA,2021,2023,short,NA,NA,NA,NA,NA,NA,0
PFOA,Gadus morhua,Lever,WW,PFOA,PFOA,23B,5.108565,59.895618,"Bømlo, Outer Selbjørnfjord",0.5,UG_P_KG,0.00547645125958379,1,0.05,1,NA,NA,91.3,10,NA,Too few years,NA,2023,NA,51,15,0.5,0,0.5,0.5,0.5,0.5,"43B2,13B,80B,53B,36B,98B1,23B,30B",4922 PFOA Gadus morhua LI NA,1993,2023,short,NA,NA,NA,NA,NA,NA,0
PFOA,Gadus morhua,Lever,WW,PFOA,PFOA,24B,5.27069,60.39664,Bergen harbour area,0.5,UG_P_KG,0.00547645125958379,1,0.05,1,NA,NA,91.3,10,NA,Too few years,NA,2023,NA,43.25,6,0.5,0,0.5,0.5,0.5,0.5,"43B2,13B,80B,53B,36B,98B1,23B,30B",10921 PFOA Gadus morhua LI NA,2015,2023,short,NA,NA,NA,NA,NA,NA,0
PFOA,Gadus morhua,Lever,WW,PFOA,PFOA,30B,10.551829,59.812653,Inner Oslofjord,0.5,UG_P_KG,0.00547645125958379,1,0.05,1,NA,NA,91.3,10,NA,Too few years,NA,2023,NA,40.45,8,0.5,0,0.5,0.5,0.5,0.5,"43B2,13B,80B,53B,36B,98B1,23B,30B",4684 PFOA Gadus morhua LI NA,1993,2023,short,NA,NA,NA,NA,NA,NA,0
PFOA,Gadus morhua,Lever,WW,PFOA,PFOA,36B,10.4358333333333,59.0405,"Tjøme, Outer Oslofjord",0.5,UG_P_KG,0.00547645125958379,1,0.05,1,NA,NA,91.3,10,NA,Too few years,NA,2023,NA,26.6,15,0.5,0,0.5,0.5,0.5,0.5,"43B2,13B,80B,53B,36B,98B1,23B,30B",4976 PFOA Gadus morhua LI NA,2007,2023,short,NA,NA,NA,NA,NA,NA,0
PFOA,Gadus morhua,Lever,WW,PFOA,PFOA,43B2,18.974,69.653,Tromsø harbour area,0.5,UG_P_KG,0.00547645125958379,1,0.05,1,NA,NA,91.3,10,NA,Too few years,NA,2023,NA,42.7,15,0.5,0,0.5,0.5,0.5,0.5,"43B2,13B,80B,53B,36B,98B1,23B,30B",4845 PFOA Gadus morhua LI NA,2009,2023,short,NA,NA,NA,NA,NA,NA,0
PFOA,Gadus morhua,Lever,WW,PFOA,PFOA,53B,6.539719,60.09727,Inner Sørfjord,0.5,UG_P_KG,0.00547645125958379,1,0.05,1,NA,NA,91.3,10,NA,Too few years,NA,2023,NA,29.8,10,0.5,0,0.5,0.5,0.5,0.5,"43B2,13B,80B,53B,36B,98B1,23B,30B",5074 PFOA Gadus morhua LI NA,2005,2023,short,NA,NA,NA,NA,NA,NA,0
PFOA,Gadus morhua,Lever,WW,PFOA,PFOA,80B,10.371726,63.445624,Trondheim harbour,0.5,UG_P_KG,0.00547645125958379,1,0.05,1,NA,NA,91.3,10,NA,Too few years,NA,2023,NA,38.4,13,0.5,0,0.5,0.5,0.5,0.5,"43B2,13B,80B,53B,36B,98B1,23B,30B",4843 PFOA Gadus morhua LI NA,2009,2023,short,NA,NA,NA,NA,NA,NA,0
PFOA,Gadus morhua,Lever,WW,PFOA,PFOA,98B1,14.708138,68.18577,"Austnesfjord, Lofoten",0.5,UG_P_KG,0.00547645125958379,1,0.05,1,NA,NA,91.3,10,NA,Too few years,NA,2023,NA,55.4,15,0.5,0,0.5,0.5,0.5,0.5,"43B2,13B,80B,53B,36B,98B1,23B,30B",4994 PFOA Gadus morhua LI NA,2006,2023,short,NA,NA,NA,NA,NA,NA,0
PFOS,Gadus morhua,Lever,WW,PFOS,PFOS,13B,7.9885,58.1328333333333,Kristiansand harbour area,0.74,UG_P_KG,0.08131868131868132,1,0.072195121951219507,1,NA,NA,9.1,10.25,NA,No change,NA,2023,NA,35.4,5,NA,5,0.57,0.69,0.75,0.87,"43B2,80B",4844 PFOS Gadus morhua LI NA,2009,2023,short,2023,2014,NA,-0.6477603640953394,-1.5891571214380993,0.2936363932474203,1
PFOS,Gadus morhua,Lever,WW,PFOS,PFOS,19B,13.46,78.17,"Isfjorden, Svalbard",0.48,UG_P_KG,0.05274725274725275,1,0.04682926829268293,1,NA,NA,9.1,10.25,NA,Increasing,linear,2023,NA,44,13,NA,13,0.22,0.27,0.67,1.36,"43B2,80B",12205 PFOS Gadus morhua LI NA,2017,2023,short,2023,2017,0.0126,0.6430105597997761,0.2461269690648551,1.039894150534697,1
PFOS,Gadus morhua,Lever,WW,PFOS,PFOS,20B,15.4795,78.2623,"Longyearbyen, Svalbard",0.24,UG_P_KG,0.026373626373626374,1,0.023414634146341463,1,NA,NA,9.1,10.25,NA,Too few years,NA,2023,NA,43.9,11,NA,11,0.11,0.185,0.28500000000000003,0.36,"43B2,80B",13704 PFOS Gadus morhua LI NA,2021,2023,short,NA,NA,NA,NA,NA,NA,1
PFOS,Gadus morhua,Lever,WW,PFOS,PFOS,23B,5.108565,59.895618,"Bømlo, Outer Selbjørnfjord",0.71,UG_P_KG,0.07802197802197802,1,0.06926829268292682,1,NA,NA,9.1,10.25,NA,Decreasing,linear,2023,NA,51,15,NA,15,0.29,0.61,0.755,1.58,"43B2,80B",4922 PFOS Gadus morhua LI NA,1993,2023,short,2023,2014,0,-1.2694911472506099,-1.6849674144813551,-0.8540148800198646,1
PFOS,Gadus morhua,Lever,WW,PFOS,PFOS,24B,5.27069,60.39664,Bergen harbour area,0.5,UG_P_KG,0.054945054945054944,1,0.04878048780487805,1,NA,NA,9.1,10.25,NA,No change,NA,2023,NA,43.25,6,NA,6,0.34,0.4275,0.5800000000000001,1.02,"43B2,80B",10921 PFOS Gadus morhua LI NA,2015,2023,short,2023,2015,NA,0.07683850271909409,-0.45879929979597855,0.6124763052341667,1
PFOS,Gadus morhua,Lever,WW,PFOS,PFOS,30B,10.551829,59.812653,Inner Oslofjord,4.35,UG_P_KG,0.478021978021978,1,0.424390243902439,1,NA,NA,9.1,10.25,NA,No change,NA,2023,NA,40.45,8,NA,8,1.93,2.765,5.74,6.43,"43B2,80B",4684 PFOS Gadus morhua LI NA,1993,2023,short,2023,2014,NA,-0.2841599841688567,-1.0715149156121666,0.5031949472744532,1
PFOS,Gadus morhua,Lever,WW,PFOS,PFOS,36B,10.4358333333333,59.0405,"Tjøme, Outer Oslofjord",1.28,UG_P_KG,0.14065934065934066,1,0.1248780487804878,1,NA,NA,9.1,10.25,NA,Decreasing,linear,2023,NA,26.6,15,NA,15,0.77,0.995,1.84,2.45,"43B2,80B",4976 PFOS Gadus morhua LI NA,2007,2023,short,2023,2014,1e-4,-2.1144920430643306,-2.9000396389388134,-1.3289444471898477,1
PFOS,Gadus morhua,Lever,WW,PFOS,PFOS,43B2,18.974,69.653,Tromsø harbour area,0.34,UG_P_KG,0.03736263736263737,1,0.033170731707317075,1,NA,NA,9.1,10.25,NA,No change,NA,2023,NA,42.7,15,NA,15,0.13,0.185,0.475,0.69,"43B2,80B",4845 PFOS Gadus morhua LI NA,2009,2023,short,2023,2014,NA,-0.2602192397730346,-0.9578108899884346,0.4373724104423653,1
PFOS,Gadus morhua,Lever,WW,PFOS,PFOS,53B,6.539719,60.09727,Inner Sørfjord,0.495,UG_P_KG,0.0543956043956044,1,0.04829268292682927,1,NA,NA,9.1,10.25,NA,Decreasing,linear,2023,NA,29.8,10,NA,10,0.24,0.38,0.695,2.92,"43B2,80B",5074 PFOS Gadus morhua LI NA,2005,2023,short,2023,2014,2e-4,-1.196063321277645,-1.7280033202628755,-0.6641233222924144,1
PFOS,Gadus morhua,Lever,WW,PFOS,PFOS,80B,10.371726,63.445624,Trondheim harbour,0.28,UG_P_KG,0.030769230769230774,1,0.02731707317073171,1,NA,NA,9.1,10.25,NA,No change,NA,2023,NA,38.4,13,NA,13,0.11,0.18,0.41,0.59,"43B2,80B",4843 PFOS Gadus morhua LI NA,2009,2023,short,2023,2014,NA,-0.6383193280239501,-1.469232025264442,0.1925933692165418,1
PFOS,Gadus morhua,Lever,WW,PFOS,PFOS,98B1,14.708138,68.18577,"Austnesfjord, Lofoten",0.25,UG_P_KG,0.027472527472527472,1,0.024390243902439025,1,NA,NA,9.1,10.25,NA,Decreasing,nonlinear,2023,NA,55.4,15,NA,15,0.08,0.16,0.4,1.09,"43B2,80B",4994 PFOS Gadus morhua LI NA,2006,2023,short,2023,2014,1.2703255060753094e-5,-1.7062691359310476,-2.1877860901102517,-1.2247521817518434,1
